[
  {
    "_id": "68b0d4189b825d20ce1e573e",
    "name": "AirPods Pro 2",
    "description": "Auriculares inalámbricos con audio espacial.",
    "price": 299,
    "stock": 40,
    "imagesUrl": ["/img/products/airpodspro2.jpeg"],
    "category": {
      "_id": "68c396f6a24a7edc4233c9eb",
      "name": "Auriculares",
      "description": "Audífonos y accesorios",
      "imageURL": "https://placehold.co/800x600.png",
      "parentCategory": {
        "_id": "68c396f6a24a7edc4233c9e1",
        "name": "Gadgets",
        "description": "Tecnología y accesorios",
        "imageURL": "https://placehold.co/800x600.png",
        "parentCategory": null
      }
    }
  },
  {
    "_id": "68b0d4189b825d20ce1e5736",
    "name": "Apple Watch Series 9",
    "description": "Smartwatch avanzado con sensores de salud.",
    "price": 499,
    "stock": 25,
    "imagesUrl": ["/img/products/applewatch9.png"],
    "category": {
      "_id": "68c396f6a24a7edc4233c9e9",
      "name": "Smartwatch",
      "description": "Relojes inteligentes",
      "imageURL": "https://placehold.co/800x600.png",
      "parentCategory": {
        "_id": "68c396f6a24a7edc4233c9e1",
        "name": "Gadgets",
        "description": "Tecnología y accesorios",
        "imageURL": "https://placehold.co/800x600.png",
        "parentCategory": null
      }
    }
  },
  {
    "_id": "68b0d4189b825d20ce1e5734",
    "name": "Dell XPS 15",
    "description": "Laptop potente para trabajo y gaming.",
    "price": 1899,
    "stock": 12,
    "imagesUrl": ["/img/products/Dell XPS 13.jpeg"],
    "category": {
      "_id": "68c396f6a24a7edc4233c9ed",
      "name": "Gaming",
      "description": "PCs para gaming",
      "imageURL": "https://placehold.co/800x600.png",
      "parentCategory": {
        "_id": "68c396f6a24a7edc4233c9df",
        "name": "PCs",
        "description": "Laptops y computadoras Windows",
        "imageURL": "https://placehold.co/800x600.png",
        "parentCategory": null
      }
    }
  },
  {
    "_id": "68b0d4189b825d20ce1e573c",
    "name": "Google Pixel 8",
    "description": "Smartphone con Android puro y excelente cámara.",
    "price": 899,
    "stock": 18,
    "imagesUrl": ["/img/products/Google Pixel 7.jpg"],
    "category": {
      "_id": "68c396f6a24a7edc4233c9e5",
      "name": "Android",
      "description": "Modelos Android",
      "imageURL": "https://placehold.co/800x600.png",
      "parentCategory": {
        "_id": "68c396f6a24a7edc4233c9db",
        "name": "Celulares",
        "description": "Smartphones y accesorios",
        "imageURL": "https://placehold.co/800x600.png",
        "parentCategory": null
      }
    }
  },
  {
    "_id": "68b0d4189b825d20ce1e573a",
    "name": "Lenovo Legion 7",
    "description": "Laptop gamer con RTX 4080.",
    "price": 2599,
    "stock": 7,
    "imagesUrl": ["/img/products/Lenovo Legion 7.avif"],
    "category": {
      "_id": "68c396f6a24a7edc4233c9ed",
      "name": "Gaming",
      "description": "PCs para gaming",
      "imageURL": "https://placehold.co/800x600.png",
      "parentCategory": {
        "_id": "68c396f6a24a7edc4233c9df",
        "name": "PCs",
        "description": "Laptops y computadoras Windows",
        "imageURL": "https://placehold.co/800x600.png",
        "parentCategory": null
      }
    }
  },
  {
    "_id": "68b0d4189b825d20ce1e5732",
    "name": "MacBook Pro M3",
    "description": "Laptop profesional con chip Apple M3.",
    "price": 2499,
    "stock": 8,
    "imagesUrl": ["/img/products/MacBook Air M2.jpg"],
    "category": {
      "_id": "68c396f6a24a7edc4233c9e7",
      "name": "MacBook",
      "description": "Laptops MacBook",
      "imageURL": "https://placehold.co/800x600.png",
      "parentCategory": {
        "_id": "68c396f6a24a7edc4233c9dd",
        "name": "Macs",
        "description": "Laptops y computadoras Apple",
        "imageURL": "https://placehold.co/800x600.png",
        "parentCategory": null
      }
    }
  },
  {
    "_id": "68b0d4189b825d20ce1e5730",
    "name": "Samsung Galaxy S24 Ultra",
    "description": "Smartphone premium con cámara de 200MP.",
    "price": 1199,
    "stock": 15,
    "imagesUrl": ["/img/products/Samsung Galaxy S23.jpg"],
    "category": {
      "_id": "68c396f6a24a7edc4233c9e5",
      "name": "Android",
      "description": "Modelos Android",
      "imageURL": "https://placehold.co/800x600.png",
      "parentCategory": {
        "_id": "68c396f6a24a7edc4233c9db",
        "name": "Celulares",
        "description": "Smartphones y accesorios",
        "imageURL": "https://placehold.co/800x600.png",
        "parentCategory": null
      }
    }
  },
  {
    "_id": "68b0d4189b825d20ce1e5738",
    "name": "Sony WH-1000XM5",
    "description": "Audífonos inalámbricos con cancelación de ruido.",
    "price": 399,
    "stock": 30,
    "imagesUrl": ["/img/products/Sony WH-1000XM5.avif"],
    "category": {
      "_id": "68c396f6a24a7edc4233c9eb",
      "name": "Auriculares",
      "description": "Audífonos y accesorios",
      "imageURL": "https://placehold.co/800x600.png",
      "parentCategory": {
        "_id": "68c396f6a24a7edc4233c9e1",
        "name": "Gadgets",
        "description": "Tecnología y accesorios",
        "imageURL": "https://placehold.co/800x600.png",
        "parentCategory": null
      }
    }
  },
  {
    "_id": "68b0d4189b825d20ce1e572e",
    "name": "iPhone 15 Pro",
    "description": "El último smartphone de Apple con chip A17 Pro.",
    "price": 1299,
    "stock": 10,
    "imagesUrl": ["/img/products/iPhone 14 Pro.jpg"],
    "category": {
      "_id": "68c396f6a24a7edc4233c9e3",
      "name": "iPhone",
      "description": "Modelos de iPhone",
      "imageURL": "https://placehold.co/800x600.png",
      "parentCategory": {
        "_id": "68c396f6a24a7edc4233c9db",
        "name": "Celulares",
        "description": "Smartphones y accesorios",
        "imageURL": "https://placehold.co/800x600.png",
        "parentCategory": null
      }
    }
  }
]
